id;title;done;description
1;withdrawal Moldovan Leu Intelligent;false;Walk payment Gloves
2;Web Savings Account;false;Supervisor deposit
3;morph Rubber;true;back-end
4;Turnpike Stream circuit;true;solid state Designer Quality
5;proactive reboot;false;Officer
6;Fresh back up Pa'anga;true;Squares Bacon
7;Health Uganda Shilling driver;false;bypass
8;Avon interface Orchestrator;false;Intelligent Metal Shoes Switchable
9;Industrial ADP Western Sahara;false;invoice
10;input;false;Valley mint green Technician
